{
    "loss": 11.649218559265137,
    "accuracy": 0.5467625856399536
}